name,norad,lat,lon,alt_km,launch_date,launch_site,epoch_raw,epoch_day,epoch_utc,epoch_iso
TJS-7,49115,0.0406,-99.4553,35782.6,2021-08-24,XICLF,26278.51422076,2026年278日目,2026/10/05 12:20:28 UTC,2026-10-05T12:20:28.673664Z
TJS-14,62804,0.5421,18.4109,35793.5,2025-01-23,XICLF,26277.96421979,2026年277日目,2026/10/04 23:08:28 UTC,2026-10-04T23:08:28.589856Z
TJS-20,66142,3.6347,62.5286,35794.3,2025-10-23,WSC,26278.62750275,2026年278日目,2026/10/05 15:03:36 UTC,2026-10-05T15:03:36.237600Z
TJS-22,66990,0.6105,66.4843,35806.7,2025-12-09,XICLF,26278.63418029,2026年278日目,2026/10/05 15:13:13 UTC,2026-10-05T15:13:13.177056Z
TJS-2,41911,-0.1088,66.5453,35795.4,2017-01-05,XICLF,26278.64523483,2026年278日目,2026/10/05 15:29:08 UTC,2026-10-05T15:29:08.289312Z
TJS-4,44637,-0.0054,83.5243,35803.6,2019-10-17,XICLF,26278.84071009,2026年278日目,2026/10/05 20:10:37 UTC,2026-10-05T20:10:37.351776Z
TJS-15,63157,0.119,88.7038,35792.4,2025-03-09,XICLF,26278.76799843,2026年278日目,2026/10/05 18:25:55 UTC,2026-10-05T18:25:55.064352Z
TJS-24,69235,0.0538,90.3233,35794.8,2026-05-26,WSC,26278.77075911,2026年278日目,2026/10/05 18:29:53 UTC,2026-10-05T18:29:53.587104Z
TJS-10,58204,1.2093,92.3783,35793.6,2023-11-03,WSC,26278.75813147,2026年278日目,2026/10/05 18:11:42 UTC,2026-10-05T18:11:42.559008Z
TJS-5,44978,0.1438,107.5609,35765.4,2020-01-07,XICLF,26278.64112731,2026年278日目,2026/10/05 15:23:13 UTC,2026-10-05T15:23:13.399584Z
TJS-26A,69674,2.6736,107.6925,35813.6,2026-06-23,WSC,26278.58780057,2026年278日目,2026/10/05 14:06:25 UTC,2026-10-05T14:06:25.969248Z
TJS-11,59020,1.6122,112.5093,35798.3,2024-02-23,WSC,26277.55340825,2026年277日目,2026/10/04 13:16:54 UTC,2026-10-04T13:16:54.472800Z
TJS-25,69474,1.7994,120.2908,35798.4,2026-06-11,WSC,26278.60509987,2026年278日目,2026/10/05 14:31:20 UTC,2026-10-05T14:31:20.628768Z
TJS-9,50574,0.0406,137.2247,35810.6,2021-12-29,XICLF,26278.63906841,2026年278日目,2026/10/05 15:20:15 UTC,2026-10-05T15:20:15.510624Z
TJS-19,63924,-0.7742,141.1558,35781.9,2025-05-12,XICLF,26278.78249315,2026年278日目,2026/10/05 18:46:47 UTC,2026-10-05T18:46:47.408160Z
TJS-12,62374,-0.1892,146.5306,35783.5,2024-12-20,XICLF,26278.61454170,2026年278日目,2026/10/05 14:44:56 UTC,2026-10-05T14:44:56.402880Z
TJS-17,63524,1.3146,149.3271,35899.1,2025-04-10,XICLF,26278.74393851,2026年278日目,2026/10/05 17:51:16 UTC,2026-10-05T17:51:16.287264Z
TJS-1,40892,0.5907,154.9864,35774.6,2015-09-12,XICLF,26278.61031146,2026年278日目,2026/10/05 14:38:50 UTC,2026-10-05T14:38:50.910144Z
TJS-16,63397,1.3699,160.669,35793.2,2025-03-29,WSC,26278.76221655,2026年278日目,2026/10/05 18:17:35 UTC,2026-10-05T18:17:35.509920Z
TJS-23,67226,-5.0517,175.3787,35769.8,2025-12-20,WSC,26277.30083225,2026年277日目,2026/10/04 07:13:11 UTC,2026-10-04T07:13:11.906400Z
TJS-3,43874,2.6711,175.4815,35784.1,2018-12-24,XICLF,26278.76236411,2026年278日目,2026/10/05 18:17:48 UTC,2026-10-05T18:17:48.259104Z
TJS-6,47613,0.0311,178.4927,35771.6,2021-02-04,XICLF,26278.56605138,2026年278日目,2026/10/05 13:35:06 UTC,2026-10-05T13:35:06.839232Z
